{
    "loss": 5.273962497711182,
    "accuracy": 0.49196141958236694
}