{
    "loss": 7.766124725341797,
    "accuracy": 0.6286173462867737
}