{
    "loss": 8.137975692749023,
    "accuracy": 0.3239549696445465
}